"url";"reach_rank";"delta";"country";"country_rank";"populartity"
"http://www.collaborativeconsumption.com/directoryitem/121giving/www.121giving.com";"306204";"+84369";"201147";"United States";"329791"
"http://www.123envoiture.com/";"N/A";"N/A";"N/A";"N/A";"N/A"
"http://www.3dhubs.com/";"30381";"-2898";"531";"Netherlands";"24259"
"http://www.collaborativeconsumption.com/directoryitem/3rd-home/www.3rdhome.com";"306204";"+84369";"201147";"United States";"329791"
"http://www.40billion.com/";"233641";"+2769";"60082";"India";"234738"
"http://99gamers.com/";"127702";"+38012";"22168";"United States";"106798"
"http://www.9flats.com/";"61308";"+1684";"8096";"Germany";"52420"
"http://www.acitywithquirk.com.au/";"N/A";"N/A";"N/A";"N/A";"N/A"
"http://www.agoodexchange.net/";"N/A";"N/A";"N/A";"N/A";"N/A"
"https://www.asparetoshare.com/";"9209783";"+3641414";"N/A";"N/A";"9232034"
"http://www.aalizwel.com";"11437054";"+3905252";"N/A";"N/A";"12632714"
"http://bycykler.foundry.aarhuskommune.dk/";"809443";"+244047";"N/A";"N/A";"798518"
"http://www.actionhouse.org/";"10974521";"+562487";"N/A";"N/A";"12219499"
"http://www.adalbdal.com/";"680090";"+161162";"80827";"India";"581552"
"http://www.adoos.com";"72434";"+23815";"8539";"India";"72618"
"http://www.footprint-trust.co.uk/adoptgarden.html";"15800678";"-702176";"N/A";"N/A";"16629373"
"http://www.publishfreeclassifieds.com";"19303791";"+15532475";"N/A";"N/A";"18995336"
"http://www.afluenta.com";"201739";"-58013";"2012";"Argentina";"196211"
"http://www.agentanything.com/";"1043193";"-239976";"361821";"United States";"1002683"
"http://www.collaborativeconsumption.com/directoryitem/agora-food-beverages/www.myagora.co.uk";"306204";"+84369";"201147";"United States";"329791"
"http://www.airbnb.com/";"567";"+14";"226";"United States";"470"
"http://www.airrun.com/";"N/A";"N/A";"N/A";"N/A";"N/A"
"https://www.airtasker.com/";"49742";"-7270";"674";"Australia";"39894"
"http://www.algel.de";"3895038";"+1867336";"N/A";"N/A";"4427536"
"http://www.alkiloo.com/";"1941493";"+341215";"N/A";"N/A";"2016329"
"http://allegro.pl/";"289";"+9";"5";"Poland";"201"
"http://www.alterisinc.com/index.php";"22098080";"+9199253";"N/A";"N/A";"22233887"
"http://www.alternetrides.com";"5051220";"+581140";"N/A";"N/A";"4231989"
"http://www.amovens.com/en";"110298";"+15520";"1588";"Spain";"75372"
"http://ampleharvest.org/";"414557";"+19836";"191874";"United States";"502177"
"http://antengo.com/";"447100";"-20396";"58805";"United States";"362043"
"http://anyhire.com/";"3117123";"-6305441";"N/A";"N/A";"3627510"
"http://www.anyvan.com/";"78606";"-1221";"2769";"United Kingdom";"59807"
"http://www.appartager.com/";"60740";"-17319";"1969";"France";"46451"
"http://www.apprentus.com";"321175";"-83685";"2221";"Belgium";"175004"
"http://www.appsfunder.com/en";"1403245";"+805083";"N/A";"N/A";"1442391"
"http://arretminute.fr/";"12909461";"-1296027";"N/A";"N/A";"13921140"
"http://artsy.net/";"29994";"+1564";"10099";"United States";"27928"
"http://www.artsicle.com/";"878365";"+120370";"194976";"United States";"703931"
"http://www.asksunday.com";"328265";"-23394";"32588";"India";"250939"
"http://www.askfortask.com/";"31958";"-5268";"";"Canada";"30326"
"http://atelier-medias.org/";"2657360";"-7397632";"N/A";"N/A";"2396890"
"http://www.austintimeexchange.org/";"N/A";"N/A";"N/A";"N/A";"N/A"
"http://www.autodelen.be";"N/A";"N/A";"N/A";"N/A";"N/A"
"http://www.paris.fr/autolib";"10046";"-290";"281";"France";"9526"
"http://www.autoshare.com";"433444";"+24411";"16594";"Canada";"405799"
"https://www.autourdetoi.com";"12691173";"N/A";"N/A";"N/A";"13747226"
"http://www.avego.com";"N/A";"N/A";"N/A";"N/A";"N/A"
"http://www.collaborativeconsumption.com/directoryitem/awaynshare/www.awaynshare.com";"306204";"+84369";"201147";"United States";"329791"
"https://www.facebook.com/Ayoudo";"2";"+0";"2";"United States";"2"
"http://bcycle.com/";"323455";"+9696";"69142";"United States";"336045"
"http://www.b2b-en-trade.com/";"2242088";"-1127475";"N/A";"N/A";"2381255"
"http://babeldoor.com/";"2438999";"+688914";"N/A";"N/A";"2389918"
"http://www.babyloan.org/fr/accueil.html";"680489";"-63631";"36435";"France";"634330"
"http://www.babyplays.com";"5967342";"-355483";"866557";"United States";"5197382"
"https://backpackbang.com/home";"147449";"-304819";"480";"Bangladesh";"128240"
"http://backpackmojo.com/";"2625873";"-902257";"N/A";"N/A";"3145638"
"http://www.backseatsurfing.com/";"19749739";"-1042129";"N/A";"N/A";"20688304"
"http://www.bagborroworsteal.com/";"143451";"-5127";"33043";"United States";"111320"
"http://www.collaborativeconsumption.com/directoryitem/baghitch/www.baghitch.com";"306204";"+84369";"201147";"United States";"329791"
"https://www.balancedpayments.com/";"335122";"+153484";"156374";"United States";"353220"
"http://www.bambaram.in/bambaram/";"2445980";"-2385273";"N/A";"N/A";"2412131"
"http://www.tfl.gov.uk/roadusers/cycling/14808.aspx";"4675";"+691";"145";"United Kingdom";"4507"
"http://www.GoBarnacle.com";"N/A";"N/A";"N/A";"N/A";"N/A"
"http://gobarnacle.com";"N/A";"N/A";"N/A";"N/A";"N/A"
"http://barterbabesproject.com/";"N/A";"N/A";"N/A";"N/A";"N/A"
"http://www.Barterbrokers.com/";"14340445";"-8354335";"N/A";"N/A";"11927173"
"http://smartBarterusa.com/";"N/A";"N/A";"N/A";"N/A";"N/A"
"http://www.Barterquest.com/";"1551958";"-950742";"307453";"United States";"1456538"
"http://www.bartersugar.com/";"840748";"-501238";"N/A";"N/A";"844149"
"http://www.bartonandgray.com/";"8767334";"+2561581";"N/A";"N/A";"8197674"
"http://getbeagle.com/";"5222865";"+3401216";"N/A";"N/A";"6190859"
"http://www.bedandfed.co.uk/";"14493250";"+12376467";"N/A";"N/A";"15542812"
"http://fr.bedycasa.com/";"128064";"-29298";"14854";"France";"118676"
"https://www.beehive.ae/";"761339";"-543506";"126829";"India";"737531"
"http://www.beesfund.com/";"1747906";"-1554691";"28508";"Poland";"1988941"
"http://www.beneteaufractional.com";"6732746";"+2351423";"N/A";"N/A";"6055107"
"http://www.berkeleycoworking.com";"N/A";"N/A";"N/A";"N/A";"N/A"
"http://www.berkeleypubliclibrary.org/";"207544";"+9374";"36640";"United States";"209532"
"http://www.betahaus.de/";"858608";"-178487";"78230";"Germany";"887402"
"http://beyondcroissant.com/";"10510014";"+4670213";"N/A";"N/A";"11750711"
"http://www.bicing.com/home/home.php";"N/A";"N/A";"N/A";"N/A";"N/A"
"http://www.bienvenueamatable.com/";"7078120";"+4715313";"N/A";"N/A";"6991316"
"http://www.bigfish.uk.com/";"N/A";"N/A";"N/A";"N/A";"N/A"
"http://www.bigwardrobe.com/SignUp.aspx?target=%2findex.aspx";"5065298";"+909433";"N/A";"N/A";"6028653"
"http://www.bikeandroll.com";"1845525";"+899793";"626691";"United States";"2228124"
"http://www.leihladen.at/";"N/A";"N/A";"N/A";"N/A";"N/A"
"http://www.bikestation.com";"4118569";"+912882";"N/A";"N/A";"3677906"
"http://bikeone.pl/";"N/A";"N/A";"N/A";"N/A";"N/A"
"http://bikesauce.org/";"5670136";"+654541";"N/A";"N/A";"5278887"
"http://bikesurfberlin.blogspot.de";"835";"+113";"32";"Germany";"989"
"http://billiji.com/";"3119819";"N/A";"N/A";"N/A";"3811675"
"http://www.stockholmsbilpool.nu";"N/A";"N/A";"N/A";"N/A";"N/A"
"http://bimea.com/";"13664685";"-3072731";"N/A";"N/A";"14611290"
"http://www.bistip.com/";"646647";"+68604";"21700";"Indonesia";"523902"
"http://www.bitcoin.org/";"12578";"-1621";"3622";"Russia";"13388"
"https://montreal.bixi.com/";"546375";"+181645";"31860";"Canada";"568295"
"http://www.bizizaragoza.com/";"2716938";"+791411";"N/A";"N/A";"2327695"
"http://www.bkfarmyards.com/";"12656718";"+1616536";"N/A";"N/A";"11569245"
"http://www.blablacar.com/";"77532";"-26359";"18129";"France";"105850"
"http://www.bnbhero.com/";"988413";"+717707";"";"South Korea";"961426"
"http://www.collaborativeconsumption.com/directoryitem/board-a-boat/boardaboat.com";"306204";"+84369";"201147";"United States";"329791"
"https://boatbound.co/";"190400";"+30057";"74489";"United States";"170740"
"http://www.collaborativeconsumption.com/directoryitem/boaterfly/www.boaterfly.com";"306204";"+84369";"201147";"United States";"329791"
"http://www.collaborativeconsumption.com/directoryitem/boatsetter/www.boatsetter.com";"306204";"+84369";"201147";"United States";"329791"
"http://www.bonanza.com";"4926";"-596";"1438";"United States";"4011"
"http://www.bonappetour.com";"178081";"+45049";"7945";"Italy";"139321"
"http://boncarrytestapp.appspot.com/";"3850608";"-3313511";"N/A";"N/A";"4651028"
"https://www.boober.it/";"6795020";"+72883";"N/A";"N/A";"7796836"
"http://bookalokal.com/";"819176";"+170481";"390271";"United States";"821482"
"http://www.bookcrossing.com/";"34849";"-948";"6231";"India";"28644"
"https://www.bookelo.com";"4105774";"+1091990";"207423";"Germany";"4951320"
"http://www.bookhopper.com/";"N/A";"N/A";"N/A";"N/A";"N/A"
"http://Bookmooch.com";"155334";"-10480";"33184";"United States";"118556"
"http://www.bookrenter.com/";"40238";"-18071";"17420";"United States";"37702"
"https://www.bookshare.com.br/";"1913294";"-1898692";"N/A";"N/A";"2410315"
"http://www.bookswapper.de";"N/A";"N/A";"N/A";"N/A";"N/A"
"http://www.bookway.de/home/";"N/A";"N/A";"N/A";"N/A";"N/A"
"http://www.collaborativeconsumption.com/directoryitem/bootleg-market/www.bootlegmarket.com";"306204";"+84369";"201147";"United States";"329791"
"http://Borrowtools.org";"3118966";"-5333365";"N/A";"N/A";"3442770"
"http://www.borrowedbling.com";"7264141";"-2598612";"N/A";"N/A";"5371955"
"http://www.borrowlenses.com/";"51946";"+7407";"10453";"United States";"45540"
"http://www.boxcycle.com";"1340360";"+32987";"338299";"United States";"1195531"
"http://www.BoxCycle.com";"1340360";"+32987";"338299";"United States";"1195531"
"http://www.brightneighbor.com/";"N/A";"N/A";"N/A";"N/A";"N/A"
"https://bringbee.ch";"6911828";"-6630490";"N/A";"N/A";"7910429"
"http://www.brinquedoteca.org.br/";"N/A";"N/A";"N/A";"N/A";"N/A"
"http://www.collaborativeconsumption.com/directoryitem/broads-abroad-travel-network/www.broadsabroad.net";"306204";"+84369";"201147";"United States";"329791"
"http://brooklynskillshare.org/";"9304323";"-7716233";"N/A";"N/A";"9846282"
"http://www.browncow.nl/";"2774994";"+1433037";"N/A";"N/A";"3433223"
"http://www.buffalocarshare.org/";"12812679";"+4284370";"N/A";"N/A";"11889583"
"http://bureauxapartager.com";"285371";"+18575";"6670";"France";"255502"
"http://www.buscala.com.br";"N/A";"N/A";"N/A";"N/A";"N/A"
"http://www.busuu.com/enc/";"20391";"-245";"5187";"Russia";"13475"
"http://www.collaborativeconsumption.com/directoryitem/butlr/www.butlr.net";"306204";"+84369";"201147";"United States";"329791"
"http://www.collaborativeconsumption.com/directoryitem/buymywardrobe/www.buymywardrobe.com";"306204";"+84369";"201147";"United States";"329791"
"http://www.buysellcommunity.com";"132118";"-8200";"29968";"India";"135300"
"https://www.buzzbnk.org/";"1835329";"+741686";"85220";"United Kingdom";"1971649"
"http://www.buzzcar.com/fr/";"5125048";"-7927681";"N/A";"N/A";"6093821"
"http://bycyklen.dk/";"883497";"-13295";"N/A";"N/A";"764610"
"http://www.byke.mobi/";"5758081";"-10898845";"158108";"Japan";"6705195"
"http://www.cavientdujardin.com/";"11982573";"+1394014";"N/A";"N/A";"9726111"
"http://www.cabcorner.com/";"6996246";"+2151909";"N/A";"N/A";"7803422"
"https://www.cabenamala.com.br//";"351813";"+59070";"16865";"Brazil";"337656"
"http://www.cabmix.com/";"14625980";"N/A";"N/A";"N/A";"15668024"
"http://cafenest.de/coworking/";"2434470";"-1652120";"N/A";"N/A";"2759225"
"http://www.cahootsy.com/";"5892114";"-2240002";"N/A";"N/A";"6849179"
"http://www.calgarycarshare.ca/";"N/A";"N/A";"N/A";"N/A";"N/A"
"https://www.facebook.com/ecobici";"2";"+0";"2";"United States";"2"
"http://www.cambioCar.com";"N/A";"N/A";"N/A";"N/A";"N/A"
"https://www.cameralends.com/";"560012";"+98171";"118233";"United States";"538631"
"http://campinmygarden.com/";"1584314";"+341053";"N/A";"N/A";"1504663"
"http://campinmygarden.com/";"1584314";"+341053";"N/A";"N/A";"1504663"
"http://www.campusbookrentals.com/";"112641";"-62270";"61358";"United States";"108413"
"http://mycampuswall.com/";"4481534";"-6445781";"N/A";"N/A";"4428893"
"https://www.canhav.com/nl/";"18962200";"+13583259";"N/A";"N/A";"19761236"
"http://cantine-nantes.org/index.php";"N/A";"N/A";"N/A";"N/A";"N/A"
"http://www.canubring.com/";"1129443";"-55496";"N/A";"N/A";"923822"
"http://www.collaborativeconsumption.com/directoryitem/capassety/www.capassety.com";"306204";"+84369";"201147";"United States";"329791"
"http://www.carpoolarabia.com/";"676449";"-887623";"4792";"United Arab Emirates";"676045"
"http://www.car2gether.com/";"N/A";"N/A";"N/A";"N/A";"N/A"
"http://www.carnextdoor.com.au/";"285726";"-58505";"8267";"Australia";"291714"
"http://ecoplan.org/carshare/general/inventory.htm";"5756922";"-4548008";"N/A";"N/A";"6702954"
"http://www.cartogo.com/";"N/A";"N/A";"N/A";"N/A";"N/A"
"https://www.car2go.com";"34499";"+4133";"19152";"United States";"38800"
"http://www.collaborativeconsumption.com/directoryitem/carbon-voyage/www.carbonvoyage.com";"306204";"+84369";"201147";"United States";"329791"
"http://www.carcityclub.it";"13683570";"N/A";"N/A";"N/A";"14633254"
"https://www.carclub.de/";"7339697";"+4881457";"N/A";"N/A";"7050844"
"http://cardswap.ca/";"672859";"+122201";"20533";"Canada";"634176"
"http://www.caretotrade.com/";"N/A";"N/A";"N/A";"N/A";"N/A"
"http://www.collaborativeconsumption.com/directoryitem/career-curb/www.careercurb.com.au";"306204";"+84369";"201147";"United States";"329791"
"http://www.collaborativeconsumption.com/directoryitem/career-intercom/www.careerinter.com";"306204";"+84369";"201147";"United States";"329791"
"http://www.caronasolidaria.com.br";"N/A";"N/A";"N/A";"N/A";"N/A"
"http://www.caroneiros.com.br";"N/A";"N/A";"N/A";"N/A";"N/A"
"http://www.caronetas.com.br/";"2163695";"+812148";"N/A";"N/A";"2427899"
"http://www.carplus.org.uk/";"2675758";"-994113";"N/A";"N/A";"2612294"
"http://www.carpoolconnect.com";"N/A";"N/A";"N/A";"N/A";"N/A"
"http://www.carpooldate.nl/";"N/A";"N/A";"N/A";"N/A";"N/A"
"http://carpoolking.com.au/";"N/A";"N/A";"N/A";"N/A";"N/A"
"http://www.carpoolone.com.au/";"7092180";"-3008710";"N/A";"N/A";"6834426"
"http://www.carpoolplaza.be";"N/A";"N/A";"N/A";"N/A";"N/A"
"http://www.carpoolplein.nl/";"N/A";"N/A";"N/A";"N/A";"N/A"
"http://www.carpooling.com";"8947305";"+9721304";"N/A";"N/A";"10102574"
"http://www.carpoolingnetwork.com";"3564222";"+756981";"N/A";"N/A";"3405550"
"http://www.carpoolworld.com/";"190196";"-26830";"72992";"United States";"190616"
"http://www.collaborativeconsumption.com/directoryitem/carrot-mexico/www.carrot.mx";"306204";"+84369";"201147";"United States";"329791"
"http://www.carsharevt.org/";"7707357";"+2256760";"N/A";"N/A";"7240841"
"http://carsharehfx.ca/#";"6232525";"+1507231";"N/A";"N/A";"6260679"
"http://www.carsharevt.org/";"7707357";"+2256760";"N/A";"N/A";"7240841"
"http://www.carzapp.net/";"3738616";"+356866";"N/A";"N/A";"3622045"
"http://www.casaversa.com/";"12338373";"+9153964";"N/A";"N/A";"13391376"
"http://www.casseroleclub.com/";"5289913";"+2915100";"N/A";"N/A";"5306299"
"http://catarse.me/en";"37826";"-8442";"1109";"Brazil";"40565"
"http://www.catchalift.com/";"5510024";"+2041247";"N/A";"N/A";"5952634"
"http://www.centralworking.com/";"658080";"-613320";"56225";"United Kingdom";"762499"
"http://www.chancexchange.com/";"N/A";"N/A";"N/A";"N/A";"N/A"
"http://www.chaoscooking.com";"18211666";"+11970413";"N/A";"N/A";"17201601"
"http://www.chefspotting.com.au/";"N/A";"N/A";"N/A";"N/A";"N/A"
"http://www.chegg.com/";"2617";"-1032";"561";"United States";"2584"
"http://www.collaborativeconsumption.com/directoryitem/chicy-little-monkeys/www.chicylittlemonkeys.com";"306204";"+84369";"201147";"United States";"329791"
"http://ctf.vishwa.com/ctf.html";"9958539";"N/A";"N/A";"N/A";"11257956"
"http://www.chouxfleursetpissenlits.com/";"N/A";"N/A";"N/A";"N/A";"N/A"
"http://www.ciluna.de/";"N/A";"N/A";"N/A";"N/A";"N/A"
"http://www.collaborativeconsumption.com/directoryitem/cinese/www.cinese.me";"306204";"+84369";"201147";"United States";"329791"
"https://circleup.com/";"108586";"-5043";"26159";"United States";"99385"
"http://circul-livre.blogspirit.com/";"6567259";"-487968";"N/A";"N/A";"5731803"
"http://citibikenyc.com/";"91585";"-22130";"16528";"United States";"89391"
"http://renu.citizenre.com/index.ph";"15184511";"-2942861";"N/A";"N/A";"16163134"
"http://citizenspace.us/";"1678373";"+54112";"462027";"United States";"1704496"
"http://www.citizinvestor.com/";"1072466";"-3838825";"N/A";"N/A";"1076478"
"http://www.citycarclub.net/";"N/A";"N/A";"N/A";"N/A";"N/A"
"http://www.citycarshare.org";"500825";"-43256";"88744";"United States";"470804"
"http://cityfruit.org/";"1698962";"-1755773";"N/A";"N/A";"1760381"
"http://www.citybikewien.at/";"791961";"-116036";"15465";"Austria";"864373"
"http://www.citycarclub.co.uk";"426158";"+64416";"15710";"United Kingdom";"399109"
"http://www.cityhop.co.nz";"7852530";"+1614099";"N/A";"N/A";"7510044"
"http://www.CityWheelsCleveland.com/";"N/A";"N/A";"N/A";"N/A";"N/A"
"https://fr.cityzencar.com/";"6412366";"+1666600";"N/A";"N/A";"6438592"
"http://www.classiccarclub.co.uk/";"3770819";"+1272575";"N/A";"N/A";"3328328"
"http://www.classiccarshare.com/";"N/A";"N/A";"N/A";"N/A";"N/A"
"http://cleaningexec.com";"3818453";"-4563565";"N/A";"N/A";"3568819"
"http://www.clickshipit.com/";"N/A";"N/A";"N/A";"N/A";"N/A"
"http://www.closestcloset.com/";"N/A";"N/A";"N/A";"N/A";"N/A"
"http://clothingexchange.com.au/";"8323567";"+6752234";"N/A";"N/A";"8101239"
"http://www.clothingswap.org/";"N/A";"N/A";"N/A";"N/A";"N/A"
"https://clouditems.com/beta/mycloud/login/";"N/A";"N/A";"N/A";"N/A";"N/A"
"http://www.club-office.com/en/";"2449531";"-4931629";"N/A";"N/A";"3049505"
"http://www.clubsportiva.com/";"1497595";"+348555";"384546";"United States";"1506443"
"http://www.co-recyclage.com/";"934167";"+472487";"68190";"France";"964238"
"http://www.co-transport.com/";"2957081";"-696431";"N/A";"N/A";"3070868"
"http://co-up.de/";"1355205";"-503271";"N/A";"N/A";"1463440"
"http://co-up.com/share/";"3226890";"+1073390";"N/A";"N/A";"3209077"
"http://coab.fr";"12452079";"+5677634";"N/A";"N/A";"10553069"
"http://www.coabode.com/";"7314851";"+3757154";"995823";"United States";"8313176"
"http://mycofolio.com/";"N/A";"N/A";"N/A";"N/A";"N/A"
"http://coint.com";"N/A";"N/A";"N/A";"N/A";"N/A"
"http://www.collaborativeconsumption.com/directoryitem/collaborate-corporation-limited/www.collaboratecorp.com";"306204";"+84369";"201147";"United States";"329791"
"http://www.collegebookrenter.com";"1369425";"-1058038";"696177";"United States";"1440478"
"https://collegelabor.org/";"3927676";"-662387";"N/A";"N/A";"3498375"
"http://www.collegebikeshare.com";"N/A";"N/A";"N/A";"N/A";"N/A"
"http://www.coloft.com/";"1885452";"-326934";"N/A";"N/A";"1857321"
"http://colunching.fr/";"13004046";"N/A";"N/A";"N/A";"14007631"
"http://www.colunching.com/en/";"1156367";"+530683";"64980";"France";"1084340"
"http://www.combinat56.de";"1421807";"-50993";"142517";"Germany";"1431498"
"http://www.comborides.com/";"N/A";"N/A";"N/A";"N/A";"N/A"
"http://www.commentreparer.com/";"134521";"+19019";"6792";"France";"161328"
"http://communauto.com/";"305779";"+28967";"14564";"Canada";"314098"
"https://communi.st/";"20565636";"N/A";"N/A";"N/A";"21210232"
"http://www.communiteach.com";"N/A";"N/A";"N/A";"N/A";"N/A"
"http://www.communitycar.com/";"3628285";"+1254019";"N/A";"N/A";"3105479"
"http://communitygarden.org.au/";"3861007";"+2777607";"N/A";"N/A";"4662199"
"http://www.communitylend.com/";"N/A";"N/A";"N/A";"N/A";"N/A"
"http://www.compareandshare.com/about-us/";"469334";"-102995";"N/A";"N/A";"466266"
"http://www.comptoir-numerique.fr/";"N/A";"N/A";"N/A";"N/A";"N/A"
"http://www.comunitats.com/en/";"4319365";"-3465096";"N/A";"N/A";"4324395"
"http://www.blablacar.com;";"N/A";"N/A";"N/A";"N/A";"N/A"
"http://www.connectbyhertz.com/";"N/A";"N/A";"N/A";"N/A";"N/A"
"http://www.consumerclassroom.eu/";"1735790";"+822300";"N/A";"N/A";"1749547"
"http://www.collaborativeconsumption.com/directoryitem/content-runner/www.ContentRunner.com";"306204";"+84369";"201147";"United States";"329791"
"https://www.cookening.com/";"615430";"-9655";"58921";"France";"655408"
"http://www.collaborativeconsumption.com/directoryitem/coopiloto/www.coopiloto.net";"306204";"+84369";"201147";"United States";"329791"
"http://copious.com/";"1904297";"+791026";"N/A";"N/A";"2351960"
"http://cospot.ge/";"7478286";"-10271868";"N/A";"N/A";"6758436"
"http://www.costockage.fr/";"545451";"+132774";"28735";"France";"517168"
"http://www.couchtycoon.net";"N/A";"N/A";"N/A";"N/A";"N/A"
"http://www.couchsurfing.org";"226402";"-43577";"202113";"United States";"250698"
"http://www.coursefinder.com.au";"443553";"+47431";"34758";"Australia";"449348"
"http://www.covoiturage-dynamique.eu/";"N/A";"N/A";"N/A";"N/A";"N/A"
"http://www.covoiturage.fr/";"2549457";"+2847247";"N/A";"N/A";"2862075"
"http://cowobo.de/";"N/A";"N/A";"N/A";"N/A";"N/A"
"http://www.coworkinn.de/";"N/A";"N/A";"N/A";"N/A";"N/A"
"http://coworking.de/";"1792613";"-40285";"94025";"Germany";"2065023"
"http://coworking-bremen.net/";"17679178";"N/A";"N/A";"N/A";"18224408"
"http://www.coworkingcologne.de/";"8785417";"+5493754";"N/A";"N/A";"8047890"
"http://www.coworking-darmstadt.de/";"N/A";"N/A";"N/A";"N/A";"N/A"
"http://www.coworkingdijon.org/";"N/A";"N/A";"N/A";"N/A";"N/A"
"http://coworking.pbworks.com/";"6227";"-318";"2220";"United States";"6455"
"http://coworking-erfurt.de/";"10570567";"N/A";"N/A";"N/A";"8854748"
"http://coworkinglarochelle.fr/";"N/A";"N/A";"N/A";"N/A";"N/A"
"http://www.coworkinglille.com/";"3942468";"-4138792";"N/A";"N/A";"4182504"
"http://www.coworking-magdeburg.de/";"N/A";"N/A";"N/A";"N/A";"N/A"
"http://www.coworkingmunich.de/";"17573721";"+9667360";"N/A";"N/A";"18163607"
"http://www.coworking-nuernberg.de/";"6207347";"+222193";"N/A";"N/A";"5633009"
"http://coworking-stuttgart.de/";"N/A";"N/A";"N/A";"N/A";"N/A"
"http://www.craftshopsindia.com";"206995";"-27450";"26004";"India";"205326"
"http://www.craigslist.com";"87098";"+15498";"26969";"United States";"120050"
"http://www.crashmypad.com/";"15304769";"-6603351";"N/A";"N/A";"14249668"
"http://www.creativemedialab.de/";"16950334";"+10922794";"N/A";"N/A";"17687478"
"http://www.crewwith.me/";"16833886";"N/A";"N/A";"N/A";"17599440"
"http://www.cronoshare.com";"114839";"-36655";"2161";"Spain";"103357"
"http://www.collaborativeconsumption.com/directoryitem/croqqer-2/www.croqqer.com";"306204";"+84369";"201147";"United States";"329791"
"http://www.crowdculture.se";"1199859";"-2034335";"N/A";"N/A";"1313579"
"http://www.crowdangels.pl/";"2405125";"-1540935";"N/A";"N/A";"2057834"
"http://www.crowdcube.com";"42396";"+4446";"1890";"United Kingdom";"40365"
"https://www.crowdrise.com/";"16875";"+984";"3487";"United States";"18187"
"http://www.crowdroaming.com/";"11592836";"+979081";"N/A";"N/A";"10038289"
"http://crowdtransfer.com";"8565480";"N/A";"N/A";"N/A";"9614637"
"http://www.csicatalyst.org/";"14643734";"+7105536";"N/A";"N/A";"15683322"
"http://www.ctsolarlease.com/";"N/A";"N/A";"N/A";"N/A";"N/A"
"http://culturekitchen.com/";"6383649";"-6756228";"N/A";"N/A";"7368854"
"https://cumplo.cl/";"465097";"-14978";"2455";"Chile";"418265"
"http://www.currencyfair.com/";"66667";"-29478";"407";"Ireland";"60441"
"http://www.curvyroad.com/";"4286307";"+215829";"811411";"United States";"3571785"
"http://www.cusecar.org/";"N/A";"N/A";"N/A";"N/A";"N/A"
"https://www.cuttle.com/";"5016872";"+2315517";"N/A";"N/A";"4865465"
"http://www.cyclechalao.com/";"3528673";"-1265206";"N/A";"N/A";"3560550"
"https://www.dabble.co/";"421818";"+131267";"77758";"United States";"429827"
"http://dasradhaus.at/";"N/A";"N/A";"N/A";"N/A";"N/A"
"http://www.collaborativeconsumption.com/directoryitem/date-my-wardrobe-2/www.datemywardrobe.com";"306204";"+84369";"201147";"United States";"329791"
"http://www.collaborativeconsumption.com/directoryitem/date-my-wardrobe/www.datemywardrobe.com";"306204";"+84369";"201147";"United States";"329791"
"http://www.date-up.com/bueroservice/";"2881676";"+745547";"N/A";"N/A";"2654140"
"http://dawanda.com/";"3296";"+12";"114";"Germany";"2370"
"http://www.collaborativeconsumption.com/directoryitem/dcshippers/dcshippers.com";"306204";"+84369";"201147";"United States";"329791"
"http://deal-trotter.com/";"5667821";"+5296099";"N/A";"N/A";"6614465"
"http://www.deelit.nl/";"14910560";"N/A";"N/A";"N/A";"15941552"
"http://denlilletjeneste.dk/da-dk/";"N/A";"N/A";"N/A";"N/A";"N/A"
"http://www.denzeldrive.at/";"7711542";"+183342";"N/A";"N/A";"8687905"
"http://www.descolaai.com/";"2930760";"+1245160";"N/A";"N/A";"2202120"
"http://www.designhaus-marl.de/";"N/A";"N/A";"N/A";"N/A";"N/A"
"https://desksnear.me/";"837302";"-502169";"375169";"United States";"854208"
"https://www.deskwanted.com/";"N/A";"N/A";"N/A";"N/A";"N/A"
"http://www.deways.fr/en/";"N/A";"N/A";"N/A";"N/A";"N/A"
"http://www.diamondthrills.co.uk/";"N/A";"N/A";"N/A";"N/A";"N/A"
"http://www.dignswap.com/";"11417144";"-1201066";"N/A";"N/A";"9877647"
"http://www.digihitch.com";"N/A";"N/A";"N/A";"N/A";"N/A"
"http://www.dimdom.fr/";"10731236";"N/A";"N/A";"N/A";"11967039"
"http://divideandsavour.com/";"12884396";"N/A";"N/A";"N/A";"13900621"
"http://divvy.com.au/";"859962";"+276401";"31378";"Australia";"934585"
"http://letsdivvy.it";"4627176";"-10902119";"N/A";"N/A";"5533729"
"http://www.dixiemefamille.com/index.php";"N/A";"N/A";"N/A";"N/A";"N/A"
"http://www.diyfractional.com/";"20981751";"+11662084";"N/A";"N/A";"21480469"
"http://www.djengo.be/";"7141760";"+3878046";"N/A";"N/A";"7085016"
"http://dogvacay.com/";"37430";"-1806";"7259";"United States";"33663"
"http://donnons.org/";"69831";"-8486";"1936";"France";"68367"
"http://www.dopios.com";"654963";"-1031878";"14444";"Greece";"627189"
"https://doubledutchery.com/";"22358326";"+8382005";"N/A";"N/A";"22431848"
"https://www.doughbies.com/";"685530";"+7308";"134980";"United States";"684892"
"http://www.collaborativeconsumption.com/directoryitem/dreamsscanner/www.dreamsscanner.com";"306204";"+84369";"201147";"United States";"329791"
"http://www.drivemoby.nl/";"N/A";"N/A";"N/A";"N/A";"N/A"
"http://www.drivemycarrentals.com.au/";"N/A";"N/A";"N/A";"N/A";"N/A"
"https://www.drive-now.com/";"74768";"-6285";"4552";"Germany";"75616"
"https://www.drivy.com/";"52311";"-4841";"2506";"France";"46193"
"http://thatdropdesk.wix.com/that-drop-desk";"N/A";"N/A";"N/A";"N/A";"N/A"
"http://dropis.com/";"10308596";"-4121374";"N/A";"N/A";"11556117"
"http://droptrip.com/";"3042568";"+1109064";"464166";"United States";"2725705"
"http://www.dublinbikes.ie/";"441703";"+46400";"3111";"Ireland";"424521"
"http://www.duckseat.com";"N/A";"N/A";"N/A";"N/A";"N/A"
"http://www.e-carclub.org/";"2465489";"-457958";"N/A";"N/A";"2247471"
"https://www.e-loue.com/";"268142";"+12226";"9929";"France";"206927"
"http://www.easybring.com";"N/A";"N/A";"N/A";"N/A";"N/A"
"http://easyguests.com/#contact";"2243950";"-3853038";"N/A";"N/A";"2805126"
"http://eatwithalocal.socialgo.com/";"2633912";"-1838839";"N/A";"N/A";"1877129"
"http://eatwithme.net/";"8176607";"+3304784";"N/A";"N/A";"7986303"
"http://www.eatro.com";"6480760";"-6838367";"N/A";"N/A";"7063291"
"http://www.eatwith.com/";"88638";"-8778";"55275";"United States";"82015"
"http://www.eatwithalocal.com";"N/A";"N/A";"N/A";"N/A";"N/A"
"http://ebay.com";"23";"-1";"7";"United States";"17"
"http://ebookfling.com/";"9654317";"-7789119";"N/A";"N/A";"10967688"
"http://www.ecampus.com/";"59180";"-58015";"24400";"United States";"57348"
"https://www.ecobici.df.gob.mx/";"8222";"-139";"125";"Mexico";"7796"
"http://www.ecofreek.com/";"10322316";"+5277529";"N/A";"N/A";"10377991"
"http://www.ecojouet.fr/";"N/A";"N/A";"N/A";"N/A";"N/A"
"http://www.ecolutis.com/";"4138871";"+964411";"N/A";"N/A";"4126972"
"http://www.ecomodo.com/";"14321800";"+7902517";"N/A";"N/A";"15396605"
"http://edelstall.de/";"8289841";"+3374711";"N/A";"N/A";"7605600"
"http://www.ediblecities.org/index.html";"18494315";"+3308345";"N/A";"N/A";"17937310"
"http://carshare.org/";"1417586";"+87269";"296148";"United States";"1295722"
"http://www.electronworkshop.com.au/";"6481875";"+3636249";"N/A";"N/A";"6693652"
"https://www.facebook.com/emprestaae.co";"2";"+0";"2";"United States";"2"
"http://www.endossa.com/about/";"1172463";"+247724";"N/A";"N/A";"1182583"
"http://www.enterprisecarshare.com/";"126412";"+9736";"26040";"United States";"130249"
"http://entrusters.com";"300938";"-165334";"115496";"United States";"385879"
"http://www.eppela.com/eng/";"174858";"-27693";"2992";"Italy";"158936"
"http://www.erento.com/";"46663";"+1541";"2175";"Germany";"44065"
"http://www.erideshare.com/";"464288";"+61436";"130434";"United States";"469341"
"http://www.etsy.com";"175";"-16";"39";"United States";"139"
"http://www.euro-freelancers.eu";"2669741";"-1963370";"N/A";"N/A";"2854955"
"http://eventup.com";"226188";"+16600";"44673";"United States";"209306"
"https://www.everaround.com";"2808179";"+552859";"N/A";"N/A";"3085514"
"http://ebw.evergreen.ca/";"280749";"-29287";"10453";"Canada";"313587"
"http://www.evermarine.com/fractional_moppie01.html";"3412647";"-2055910";"N/A";"N/A";"3379067"
"http://www.exchangeaway.com/en/";"19356803";"+14233007";"N/A";"N/A";"20274945"
"http://exchangeworks.co/";"5395938";"-3150006";"N/A";"N/A";"5235811"
"http://exchango.com/";"N/A";"N/A";"N/A";"N/A";"N/A"
"http://www.expediezentrevous.com/";"1764654";"-1709240";"N/A";"N/A";"1835579"
"http://www.expediezentrevous.com/";"1764654";"-1709240";"N/A";"N/A";"1835579"
"http://www.expertlocal.com/";"5875997";"N/A";"N/A";"N/A";"6832966"
"http://explorental.com/";"N/A";"N/A";"N/A";"N/A";"N/A"
"http://www.ezrvhire.com.au/";"N/A";"N/A";"N/A";"N/A";"N/A"
"http://www.ezpark.me/";"5874012";"+5404188";"N/A";"N/A";"6830074"
"http://www.collaborativeconsumption.com/directoryitem/factoryz/www.factoryz.co";"306204";"+84369";"201147";"United States";"329791"
"http://www.fajoya.com/";"6328679";"+2339640";"N/A";"N/A";"7310957"
"http://www.fallenfruit.org/";"2812117";"-1362845";"514093";"United States";"2896629"
"http://fanbed.com/";"12570458";"+6557656";"N/A";"N/A";"13621326"
"http://www.collaborativeconsumption.com/directoryitem/fanbed-ltd/www.fanbed.com";"306204";"+84369";"201147";"United States";"329791"
"http://www.fancyhands.com/";"76302";"+3715";"18144";"United States";"61058"
"https://fanfootage.com/";"5273546";"+1205451";"N/A";"N/A";"4596673"
"http://faresharenyc.com/";"N/A";"N/A";"N/A";"N/A";"N/A"
"http://www.farmdrop.co.uk/#/";"593304";"+66793";"28253";"United Kingdom";"559452"
"http://www.farmerfoodshare.org/";"9829002";"-10761233";"N/A";"N/A";"10268449"
"http://farmersmarketonline.com";"449753";"+29148";"88040";"United States";"340104"
"http://www.farmigo.com/";"93498";"+5442";"16583";"United States";"100728"
"http://www.eatfeastly.com/";"328422";"+92238";"67880";"United States";"319152"
"http://www.ficalaemcasa.com.br";"N/A";"N/A";"N/A";"N/A";"N/A"
"http://www.findauniform.com.au/";"N/A";"N/A";"N/A";"N/A";"N/A"
"http://www.Fiverr.com";"571";"+2";"177";"India";"446"
"http://flat-club.com/";"190299";"+3573";"14434";"United Kingdom";"177664"
"http://www.flexiblers.mobi/?lang=EN&PHPSESSID=4098b29c36328886fbaed3f93b3bddfc";"N/A";"N/A";"N/A";"N/A";"N/A"
"http://www.flexicar.com.au/";"1296247";"+2656";"23892";"Australia";"1192334"
"http://flightcar.com/";"160163";"+957";"42100";"United States";"164471"
"http://flinc.org/world/";"497813";"+65183";"23131";"Germany";"471247"
"https://www.flipkey.com/";"6431";"+827";"2592";"United States";"5756"
"http://www.floow2.com";"1839591";"+424431";"N/A";"N/A";"1799526"
"http://www.foftravel.com/";"2452887";"-2282193";"N/A";"N/A";"2932552"
"http://www.foodshare.net/";"2476284";"+622823";"N/A";"N/A";"2273060"
"http://www.foodupfront.org/";"N/A";"N/A";"N/A";"N/A";"N/A"
"http://foodcloud.ie/";"3344327";"-294111";"N/A";"N/A";"4058886"
"http://foodsharing.de/was-ist";"410088";"+35355";"38677";"Germany";"395511"
"http://foragecity.com/";"20769917";"N/A";"N/A";"N/A";"21366337"
"http://fractionallife.com";"5384405";"-1940370";"N/A";"N/A";"4631524"
"http://www.alf-ludotheques.org/";"N/A";"N/A";"N/A";"N/A";"N/A"
"http://beta.fray.it/";"N/A";"N/A";"N/A";"N/A";"N/A"
"http://www.collaborativeconsumption.com/directoryitem/fred-books-people-around-us/www.superfred.it";"306204";"+84369";"201147";"United States";"329791"
"http://www.freetreasure.com.au/";"N/A";"N/A";"N/A";"N/A";"N/A"
"http://www.freecycle.org";"18726";"+1148";"5919";"United States";"15939"
"http://www.freegive.co.uk";"381590";"-313391";"63757";"India";"365076"
"http://www.ilovefreegle.org/";"222168";"+12417";"10256";"United Kingdom";"242660"
"http://freegler.com";"5709354";"N/A";"N/A";"N/A";"6654833"
"http://freemesa.org/";"1962039";"-1291277";"53437";"United Kingdom";"1583523"
"http://www.freerun.de/";"N/A";"N/A";"N/A";"N/A";"N/A"
"http://freesharing.org/";"N/A";"N/A";"N/A";"N/A";"N/A"
"http://www.freestyleclothing.com/";"3223664";"-2266547";"963532";"United States";"3026865"
"http://www.freewheelers.co.uk";"7091677";"-12719119";"N/A";"N/A";"6777264"
"http://www.freewheelinwaytogo.com";"N/A";"N/A";"N/A";"N/A";"N/A"
"http://www.frents.com";"5802700";"+2496573";"N/A";"N/A";"5055394"
"http://www.freshneck.com";"1380831";"-143242";"N/A";"N/A";"1406301"
"https://fretbay.com/fr/";"880116";"+275027";"43964";"France";"794346"
"http://fribi.com/";"19410930";"+1747773";"N/A";"N/A";"20390245"
"http://www.friendsclear.com/";"2142568";"-2607799";"N/A";"N/A";"2417196"
"http://www.friendsurance.de";"151515";"-30778";"5573";"Germany";"156323"
"http://www.friendswiththings.com.au";"1546004";"-2838258";"N/A";"N/A";"1332151"
"https://lovefruitful.com/";"2976676";"-319774";"N/A";"N/A";"2627495"
"http://www.fruitshare.net/";"N/A";"N/A";"N/A";"N/A";"N/A"
"http://www.fruitshare.ca/about-us/";"5058343";"-4132007";"N/A";"N/A";"5034744"
"https://fundersclub.com/";"144439";"+26938";"79928";"United States";"141974"
"https://www.fundingcircle.com/";"46558";"-4915";"2429";"United Kingdom";"43469"
"http://myfunride.com/";"9062571";"+3097928";"N/A";"N/A";"7889859"
"http://en.wikipedia.org/wiki/Fureai_kippu";"6";"+0";"6";"United States";"7"
"http://www.furlenco.com/";"108652";"-51994";"7884";"India";"105364"
"http://www.frn.org.uk";"2981334";"+854761";"N/A";"N/A";"2819459"
"http://www.gamedayhousing.com/";"1435650";"-493454";"218653";"United States";"1260118"
"http://www.garagesaletrail.com.au/";"1088514";"-1104118";"15514";"Australia";"957369"
"http://garagebilk.de/";"4130568";"+421063";"N/A";"N/A";"3473746"
"http://www.gay-ville.com/";"2631979";"-16903";"N/A";"N/A";"2331274"
"http://www.gazelle.com/";"13385";"-3082";"2329";"United States";"12065"
"http://www.gazelle.com/";"13385";"-3082";"2329";"United States";"12065"
"http://www.gchangetout.com/";"761301";"-160674";"51650";"France";"783448"
"http://www.gearcommons.com/";"3727347";"+1166243";"N/A";"N/A";"3664879"
"http://www.gearspoke.com/contact";"21507178";"+7640401";"N/A";"N/A";"21804248"
"http://www.generalassemb.ly/";"12093";"-838";"5337";"United States";"12723"
"http://getmyboat.com/";"306089";"-37046";"N/A";"N/A";"297932"
"http://www.getable.com/";"600412";"-158910";"183428";"United States";"621484"
"http://www.getaround.com";"81335";"-1842";"19169";"United States";"80518"
"http://getmyboat.com/";"306089";"-37046";"N/A";"N/A";"297932"
"http://getmyboat.com/";"306089";"-37046";"N/A";"N/A";"297932"
"http://getridapp.com/";"N/A";"N/A";"N/A";"N/A";"N/A"
"http://gidsy.com/";"21509434";"+1927082";"N/A";"N/A";"21806504"
"http://giftflow.org/";"N/A";"N/A";"N/A";"N/A";"N/A"
"http://www.gigoing.com";"2734580";"+883044";"N/A";"N/A";"3243320"
"http://www.gigoit.org/";"13417591";"+4337901";"N/A";"N/A";"10257618"
"http://gigwalk.com/";"173883";"-46539";"32372";"United States";"145404"
"http://www.collaborativeconsumption.com/directoryitem/gimme-clubs/www.gimmeclubs.com";"306204";"+84369";"201147";"United States";"329791"
"http://www.gineagrotis.gr/";"10556387";"N/A";"N/A";"N/A";"11793309"
"http://www.girlmeetsdress.com/";"361115";"+20617";"33486";"United Kingdom";"378015"
"http://www.givit.org.au/";"2956487";"+2148263";"N/A";"N/A";"3471181"
"http://www.glasundbild.com/";"N/A";"N/A";"N/A";"N/A";"N/A"
"http://www.globechain.com/login.aspx";"6443467";"-2102440";"N/A";"N/A";"5573583"
"http://gloveler.com";"1334992";"-242183";"N/A";"N/A";"1110902"
"http://go2gether.ca";"10636113";"+7649613";"N/A";"N/A";"11864688"
"http://www.gobac.ca/";"13427415";"+6531238";"N/A";"N/A";"9741996"
"http://www.gobble.com/";"173036";"+6410";"37550";"United States";"169630"
"http://www.gocar.ie";"613885";"-410995";"N/A";"N/A";"617163"
"http://www.gocarshare.com";"943493";"+221899";"N/A";"N/A";"1016603"
"http://www.gofundme.com/";"805";"+127";"283";"United States";"994"
"http://www.goget.com.au/";"157920";"-319";"2601";"Australia";"140292"
"http://gomi.co/";"N/A";"N/A";"N/A";"N/A";"N/A"
"http://gomore.dk/";"181583";"+25992";"1251";"Denmark";"147263"
"http://gonecoworking.com/";"20157240";"+284991";"N/A";"N/A";"20971429"
"https://www.goodeggs.com/";"111842";"+34348";"32690";"United States";"104735"
"http://www.goodgym.org/";"706429";"-791188";"23393";"United Kingdom";"571200"
"http://www.goodsha.re/";"N/A";"N/A";"N/A";"N/A";"N/A"
"http://www.collaborativeconsumption.com/directoryitem/goshare/www.goshare.co";"306204";"+84369";"201147";"United States";"329791"
"http://www.goshi.me";"21513186";"N/A";"N/A";"N/A";"21810256"
"http://goteo.org/";"301869";"+124413";"12634";"Spain";"340379"
"http://www.gotskillz.org";"N/A";"N/A";"N/A";"N/A";"N/A"
"http://www.dragonecologista.com.ar/gratiferia.html";"N/A";"N/A";"N/A";"N/A";"N/A"
"http://www.greatspaceinc.com/";"10240096";"-540997";"N/A";"N/A";"11494216"
"http://www.greensharecar.com.au/";"2759182";"+916088";"N/A";"N/A";"2742177"
"http://www.greenwheels.nl";"N/A";"N/A";"N/A";"N/A";"N/A"
"http://www.collaborativeconsumption.com/directoryitem/greenworq/www.greenworq.com";"306204";"+84369";"201147";"United States";"329791"
"https://www.grid.finance";"1807769";"-1593566";"N/A";"N/A";"1861691"
"https://www.groundfloor.us/";"1128562";"+31589";"155436";"United States";"990324"
"http://growington.com/";"22071389";"N/A";"N/A";"N/A";"22207170"
"http://blog.growtheplanet.com/";"347152";"+152449";"14153";"Italy";"391776"
"http://growyourneighboursown.org.uk/";"12309854";"N/A";"N/A";"N/A";"13359151"
"http://www.grubclub.com/";"365692";"+2538";"20709";"United Kingdom";"298341"
"https://www.grubwithus.com/";"5173843";"+1884410";"N/A";"N/A";"6141040"
"http://www.gruenes-auto.de";"8295358";"N/A";"N/A";"N/A";"9303711"
"https://gudog.co.uk";"2117450";"+204695";"27201";"Greece";"2485824"
"https://gudog.com/";"296382";"-189229";"7520";"Spain";"233877"
"http://www.guesttoguest.com/en/?utm_source=google-adwords&utm_medium=adwords&utm_campaign=adwords-anglais&gclid=CLKpwoG0lL8CFVcnvQod0yoANQ";"141356";"+45089";"N/A";"N/A";"126047"
"http://www.collaborativeconsumption.com/directoryitem/guesttoguest-2/www.guesttoguest.com";"306204";"+84369";"201147";"United States";"329791"
"http://guidehop.com/";"2613969";"-991127";"N/A";"N/A";"2968542"
"http://www.gumtree.com/";"1279";"+176";"38";"United Kingdom";"1029"
"http://www.gweet.com/";"3005339";"-189479";"N/A";"N/A";"2750371"
"https://hacklab.to/";"2383805";"+132070";"N/A";"N/A";"2889152"
"http://www.halleundco.de/";"N/A";"N/A";"N/A";"N/A";"N/A"
"http://www.hamafkid.com/";"N/A";"N/A";"N/A";"N/A";"N/A"
"http://handthingsdown.com/";"N/A";"N/A";"N/A";"N/A";"N/A"
"http://Handmedowns.com";"14052556";"+5945228";"N/A";"N/A";"14286983"
"http://www.happilyeverborrowed.com/";"2534455";"-444184";"525835";"United States";"2487844"
"http://hatfactory.net";"N/A";"N/A";"N/A";"N/A";"N/A"
"http://www.heeeelp.me/";"9215711";"-9588213";"N/A";"N/A";"9504524"
"http://www.hellomarket.com/";"750944";"+476003";"N/A";"N/A";"880345"
"http://www.collaborativeconsumption.com/directoryitem/helpstay/www.helpStay.com";"306204";"+84369";"201147";"United States";"329791"
"http://helpstay.com/";"917475";"+274612";"598531";"United States";"835746"
"http://hemenkiralik.com/";"183642";"+46181";"3709";"Turkey";"166698"
"http://heyneighbor.com/pages/home";"N/A";"N/A";"N/A";"N/A";"N/A"
"http://hinnerdu.se/sv-se/";"1914235";"-1524817";"N/A";"N/A";"1574721"
"http://www.hiphost.com";"6031117";"-17071572";"N/A";"N/A";"6997480"
"http://www.hireexpectations.co.uk/";"N/A";"N/A";"N/A";"N/A";"N/A"
"http://www.hitchhikers.org";"4895257";"+2464991";"N/A";"N/A";"5032654"
"http://www.hitflip.de";"2554153";"+1441940";"N/A";"N/A";"2652162"
"http://hiverides.com/";"N/A";"N/A";"N/A";"N/A";"N/A"
"http://hivestudio.com.au/";"3293417";"-12375660";"N/A";"N/A";"2982869"
"http://hivestudio.com.au/";"3293417";"-12375660";"N/A";"N/A";"2982869"
"http://www.hivewire.ca/work/crowdfunding_/catalyst/";"4893505";"-201451";"N/A";"N/A";"4841225"
"http://www.homeelephant.com/";"16037413";"+5296088";"N/A";"N/A";"16864798"
"http://www.homeequityshare.com/";"N/A";"N/A";"N/A";"N/A";"N/A"
"http://www.homeaway.com/";"1926";"+146";"684";"United States";"1785"
"http://homedine.com/";"3160785";"-686238";"N/A";"N/A";"3855537"
"https://www.homeexchange.com/en/";"87106";"+21197";"28235";"United States";"79897"
"http://www.homeforexchange.com";"337650";"+25520";"37628";"France";"297007"
"http://homegrownuk.org/";"N/A";"N/A";"N/A";"N/A";"N/A"
"http://www.homestay.com/?gclid=CN6P6NGslL8CFcUsvQodxlQAyg";"55300";"-9579";"";"United Kingdom";"52911"
"http://www.hoobly.com";"14237";"+1943";"2261";"India";"13200"
"http://www.collaborativeconsumption.com/directoryitem/hoodoko/hoodoko.com";"306204";"+84369";"201147";"United States";"329791"
"http://www.hotdesk.com.au/";"N/A";"N/A";"N/A";"N/A";"N/A"
"http://www.hourcar.org/";"1284980";"+278517";"171312";"United States";"1079597"
"http://houseof.co/";"10306334";"-2294165";"N/A";"N/A";"9871105"
"http://www.housebites.com/";"3169850";"-978557";"N/A";"N/A";"3865611"
"http://www.collaborativeconsumption.com/directoryitem/housecall/www.tryhousecall.com";"306204";"+84369";"201147";"United States";"329791"
"http://www.housetrip.com/";"30472";"+5479";"8076";"United Kingdom";"25726"
"http://www.howdyhood.com/";"N/A";"N/A";"N/A";"N/A";"N/A"
"http://hubmelbourne.com/";"N/A";"N/A";"N/A";"N/A";"N/A"
"http://www.hubculture.com";"2051340";"+714044";"N/A";"N/A";"1937964"
"http://www.huertoscompartidos.es/";"N/A";"N/A";"N/A";"N/A";"N/A"
"http://www.collaborativeconsumption.com/directoryitem/humanity-online/www.humanityonline.org";"306204";"+84369";"201147";"United States";"329791"
"http://hutstorage.com/";"N/A";"N/A";"N/A";"N/A";"N/A"
"https://hux.com";"760398";"-43921";"245326";"United States";"899218"
"http://www.hzbike.com/";"69149";"+7302";"10820";"China";"65503"
"http://www.iletyou.com/";"8022976";"-13441823";"N/A";"N/A";"8155261"
"http://www.istopover.com/";"17180007";"N/A";"N/A";"N/A";"17859179"
"http://www.i-ella.com/";"N/A";"N/A";"N/A";"N/A";"N/A"
"http://www.igocars.org/";"703215";"+90967";"123862";"United States";"683633"
"http://www.ibureaubisontin.com/";"10423592";"+3471239";"N/A";"N/A";"11671239"
"http://www.ibykus-campus.de/";"N/A";"N/A";"N/A";"N/A";"N/A"
"http://www.icancanu.com/home";"9846892";"N/A";"N/A";"N/A";"11148406"
"http://www.icarpool.com";"222995";"-138737";"23734";"United States";"200600"
"http://www.icscarsharing.it";"5195191";"+2323949";"N/A";"N/A";"4984329"
"http://idea.me/";"203332";"+18345";"2850";"Argentina";"218175"
"http://www.ihub.co.ke/pages/home.php";"263559";"-25025";"470";"Kenya";"273496"
"http://www.ikringloop.com/";"19035244";"N/A";"N/A";"N/A";"19820787"
"http://www.indyhall.org/blog/category/independents-hall/";"3003230";"+1163597";"N/A";"N/A";"3012095"
"http://www.indiegogo.com";"1095";"+101";"705";"United States";"1173"
"http://inspire9.com/";"975615";"+11175";"N/A";"N/A";"1048677"
"http://inspire9.org/ (coworking space oz)";"N/A";"N/A";"N/A";"N/A";"N/A"
"http://www.instantluxe.com/";"157320";"+16969";"4289";"France";"147402"
"http://ioby.org/";"816949";"-480751";"278527";"United States";"905263"
"http://irent2u.com/";"N/A";"N/A";"N/A";"N/A";"N/A"
"http://www.irentshare.com/";"396241";"+73783";"43915";"India";"380638"
"http://www.itchytours.com";"N/A";"N/A";"N/A";"N/A";"N/A"
"http://www.ithacacarshare.org/";"2179722";"+284204";"383819";"United States";"1871650"
"http://www.ithacahours.org";"N/A";"N/A";"N/A";"N/A";"N/A"
"http://www.collaborativeconsumption.com/directoryitem/jacando/www.jacando.com";"306204";"+84369";"201147";"United States";"329791"
"http://www.jayride.com.au/";"N/A";"N/A";"N/A";"N/A";"N/A"
"https://www.jelouemoncampingcar.com/";"290055";"+76689";"22451";"France";"278392"
"http://www.jetlimo.com/";"N/A";"N/A";"N/A";"N/A";"N/A"
"http://jipio.com";"6291505";"+2093171";"N/A";"N/A";"6694993"
"http://www.collaborativeconsumption.com/directoryitem/job-runners/www.job-runners.com";"306204";"+84369";"201147";"United States";"329791"
"http://jointli.com/";"5296829";"+1836440";"535207";"United States";"4353268"
"http://www.joinuptaxi.com/es";"2313939";"+267027";"N/A";"N/A";"2427339"
"http://www.joujouthequedelevis.com";"N/A";"N/A";"N/A";"N/A";"N/A"
"http://www.jugarescrecer.org.mx";"N/A";"N/A";"N/A";"N/A";"N/A"
"http://juicycanvas.com/";"3734083";"+831217";"N/A";"N/A";"3977179"
"http://juicycanvas.com/";"3734083";"+831217";"N/A";"N/A";"3977179"
"http://www.jupitersmotoshare.com/";"N/A";"N/A";"N/A";"N/A";"N/A"
"http://www.collaborativeconsumption.com/directoryitem/jupyeah/www.jupyeah.com";"306204";"+84369";"201147";"United States";"329791"
"http://www.collaborativeconsumption.com/directoryitem/justanswer/www.justanswer.com";"306204";"+84369";"201147";"United States";"329791"
"http://www.justshareit.com/";"1642631";"+146132";"N/A";"N/A";"1614104"
"http://kartag.com/";"3962682";"-6077743";"N/A";"N/A";"3507730"
"http://www.kauaiabundance.com/about.html";"N/A";"N/A";"N/A";"N/A";"N/A"
"https://www.keepio.com/";"18508206";"N/A";"N/A";"N/A";"18964914"
"https://www.keycafe.com/";"622076";"-81786";"143827";"United States";"617159"
"http://www.kickstarter.com/";"364";"+18";"190";"United States";"381"
"http://www.kiditroc.com/";"6057327";"-3425299";"N/A";"N/A";"7023790"
"http://www.kiinzel.com/";"N/A";"N/A";"N/A";"N/A";"N/A"
"http://www.kindset.com/";"4361059";"-4626438";"N/A";"N/A";"4165695"
"http://www.kinderado.de/";"3025616";"+1109811";"N/A";"N/A";"2701941"
"http://www.kindermuseum.ch";"16157593";"+7582942";"N/A";"N/A";"15220274"
"http://www.kiple.net/";"3227437";"+1607298";"N/A";"N/A";"3927727"
"http://kirpeep.com/";"N/A";"N/A";"N/A";"N/A";"N/A"
"http://www.kisskissbankbank.com/";"35416";"+7464";"1174";"France";"33889"
"http://www.kitchensurfing.com/";"278444";"+90826";"88510";"United States";"286479"
"http://www.kitchit.com/";"399887";"+26494";"136610";"United States";"402718"
"http://www.collaborativeconsumption.com/directoryitem/kitesurfing-market/www.kitesurfing-market.com";"306204";"+84369";"201147";"United States";"329791"
"https://kitsta.com";"N/A";"N/A";"N/A";"N/A";"N/A"
"http://www.kiva.org";"16983";"+1427";"6540";"United States";"14553"
"http://www.collaborativeconsumption.com/directoryitem/knok-2/www.knok.com";"306204";"+84369";"201147";"United States";"329791"
"http://www.knok.com/";"582294";"+59501";"N/A";"N/A";"552756"
"http://www.kodesk.com/";"13366731";"+4494646";"N/A";"N/A";"14352179"
"http://koinz.me";"N/A";"N/A";"N/A";"N/A";"N/A"
"http://www.konnektid.com/";"1283711";"-33451";"N/A";"N/A";"1213091"
"http://www.collaborativeconsumption.com/directoryitem/kookopa/www.kookopa.com";"306204";"+84369";"201147";"United States";"329791"
"http://www.kozaza.com/";"117785";"+20844";"1612";"South Korea";"74809"
"http://www.collaborativeconsumption.com/directoryitem/kozaza-com/http;//kozaza.com";"306204";"+84369";"201147";"United States";"329791"
"http://www.krijgdekleertjes.nl/";"17108240";"N/A";"N/A";"N/A";"17807315"
"http://krrb.com";"124458";"+1868";"37715";"United States";"120630"
"http://krrb.com/";"124458";"+1868";"37715";"United States";"120630"
"http://www.kukunu.com/";"N/A";"N/A";"N/A";"N/A";"N/A"
"http://www.kutoto.com/";"1897729";"+221816";"N/A";"N/A";"1819899"
"http://www.collaborativeconsumption.com/directoryitem/kwipped/www.kwipped.com";"306204";"+84369";"201147";"United States";"329791"
"http://www.lusineabelfort.fr/";"N/A";"N/A";"N/A";"N/A";"N/A"
"http://laboate.com/";"12623902";"+8244758";"N/A";"N/A";"13680148"
"http://lacantine.org/";"N/A";"N/A";"N/A";"N/A";"N/A"
"http://www.lacantine-rennes.net/";"892386";"+262739";"40901";"France";"1009760"
"http://www.lacoroutine.org/";"3446562";"-11869807";"N/A";"N/A";"3586170"
"http://www.lamachineduvoisin.fr/";"1014134";"-146585";"N/A";"N/A";"1179616"
"http://la-ruche.net/";"1240615";"-267503";"45879";"France";"1172508"
"http://www.laruchequiditoui.fr/";"95344";"+10080";"2153";"France";"92195"
"http://www.lamachineduvoisin.fr/";"1014134";"-146585";"N/A";"N/A";"1179616"
"http://landbay.co.uk/";"897630";"-116162";"59939";"United Kingdom";"1007085"
"http://www.landshare.net";"1469578";"-378013";"N/A";"N/A";"1686844"
"http://www.landsharecanada.com";"N/A";"N/A";"N/A";"N/A";"N/A"
"http://launchco.com/coworking";"2373121";"-1470323";"N/A";"N/A";"2674738"
"http://www.lawomatic.fr/";"3680690";"-1468804";"N/A";"N/A";"4449278"
"http://www.laxcarshare.com/";"11813158";"-7205374";"N/A";"N/A";"12917597"
"http://www.lecomptoirdudon.com/";"11890347";"N/A";"N/A";"N/A";"9685467"
"http://www.collaborativeconsumption.com/directoryitem/learnemy/www.learnemy.com";"306204";"+84369";"201147";"United States";"329791"
"http://www.leihdirwas.de/";"955194";"-102347";"66534";"Germany";"929548"
"http://www.leloca.com/";"16580712";"+8424056";"N/A";"N/A";"16575809"
"http://lendmeapp.wordpress.com/";"N/A";"N/A";"N/A";"N/A";"N/A"
"http://lenderise.com/";"10312423";"+2794622";"N/A";"N/A";"10448446"
"http://www.lendingkarma.com";"2009965";"+350836";"369187";"United States";"2156994"
"http://www.lendink.com/";"N/A";"N/A";"N/A";"N/A";"N/A"
"http://www.collaborativeconsumption.com/directoryitem/lenditmendit/www.lenditmendit.com";"306204";"+84369";"201147";"United States";"329791"
"http://www.lendkey.com";"180892";"-19022";"45011";"United States";"177869"
"http://lendle.me/";"1059931";"+252320";"319602";"United States";"633747"
"http://www.lepotiron.fr/";"10791769";"-6648817";"N/A";"N/A";"8873424"
"http://www.lesecohabitants.fr/";"N/A";"N/A";"N/A";"N/A";"N/A"
"http://www.lestrocheures.fr/";"1353043";"-356737";"80683";"France";"1735144"
"http://lesavoirpartage.org/";"10732971";"N/A";"N/A";"N/A";"11968774"
"http://lessfuss.co.za/";"N/A";"N/A";"N/A";"N/A";"N/A"
"http://www.letsswap.it/";"N/A";"N/A";"N/A";"N/A";"N/A"
"http://www.auslets.org/";"21751191";"N/A";"N/A";"N/A";"20306479"
"http://www.lifethek.de";"3314773";"-1424245";"N/A";"N/A";"2685543"
"http://lifethek.de/";"3314773";"-1424245";"N/A";"N/A";"2685543"
"http://www.liftshare.com/uk/";"343033";"-51537";"23300";"United Kingdom";"350808"
"http://www.liftsurfer.com/";"6585473";"+1208800";"N/A";"N/A";"6740027"
"http://getlikeminds.com/";"N/A";"N/A";"N/A";"N/A";"N/A"
"http://www.lilienhof-coworking.com/";"7882793";"+4452817";"N/A";"N/A";"7407531"
"https://www.doliquid.com/";"9367150";"N/A";"N/A";"N/A";"10579953"
"http://liquidspace.com/";"137319";"+14138";"28612";"United States";"122801"
"https://liquidspace.com/";"137319";"+14138";"28612";"United States";"122801"
"http://www.collaborativeconsumption.com/directoryitem/listminut/www.listminut.com";"306204";"+84369";"201147";"United States";"329791"
"https://litecoin.org/";"134643";"-12200";"34217";"Russia";"170730"
"http://en.literatoo.com";"N/A";"N/A";"N/A";"N/A";"N/A"
"http://www.livemyfood.com/";"N/A";"N/A";"N/A";"N/A";"N/A"
"http://www.livop.fr/";"N/A";"N/A";"N/A";"N/A";"N/A"
"https://www.liwwa.com/?view=global|introduction";"1541914";"-602104";"N/A";"N/A";"1540757"
"http://www.loadmax.com.au/";"7989657";"-14479516";"N/A";"N/A";"8990468"
"http://www.loanables.com/";"1113754";"-323512";"212042";"United States";"1092851"
"http://www.loanback.com/";"1874755";"-774341";"368875";"United States";"1741340"
"https://www.localcircles.com/a/";"96735";"+22379";"10204";"India";"111409"
"http://www.alexride.org/carpool.php";"N/A";"N/A";"N/A";"N/A";"N/A"
"http://www.localyoo.com/";"685831";"+358395";"N/A";"N/A";"584877"
"http://www.locawoka.com/";"N/A";"N/A";"N/A";"N/A";"N/A"
"http://lock8.me/";"704446";"+170570";"166951";"Germany";"845186"
"http://locongo.com/";"N/A";"N/A";"N/A";"N/A";"N/A"
"http://www.locawoka.com/";"N/A";"N/A";"N/A";"N/A";"N/A"
"https://www.lokob.fr/";"N/A";"N/A";"N/A";"N/A";"N/A"
"http://www.collaborativeconsumption.com/directoryitem/lonely-crates/www.lonelycrates.com";"306204";"+84369";"201147";"United States";"329791"
"http://www.lovehomeswap.com/";"176617";"-2236";"136183";"United States";"158629"
"http://www.lovemeandleaveme.com/";"4347258";"+2223411";"N/A";"N/A";"4100006"
"http://www.lovefilm.com/";"15843192";"+15845175";"N/A";"N/A";"16665361"
"http://lovefre.sh/";"18796736";"N/A";"N/A";"N/A";"19632744"
"http://lovemeandleaveme.com/";"4347258";"+2223411";"N/A";"N/A";"4100006"
"http://www.luckyducktoybox.com/";"N/A";"N/A";"N/A";"N/A";"N/A"
"http://www.ludovico.at/";"N/A";"N/A";"N/A";"N/A";"N/A"
"http://lyft.me/";"N/A";"N/A";"N/A";"N/A";"N/A"
"https://www.mpesa.in";"87227";"-18876";"7836";"India";"83291"
"http://www.madisonhours.org";"21805240";"N/A";"N/A";"N/A";"22066659"
"https://maestromarket.com/";"17834461";"+13256721";"N/A";"N/A";"18306588"
"http://www.magicevent.com";"1434017";"-1791108";"N/A";"N/A";"1427436"
"https://maidsailors.com/";"1067494";"-38951";"N/A";"N/A";"1183563"
"http://www.makeupalley.com/swap/";"8865";"+136";"2780";"United States";"7611"
"http://www.collaborativeconsumption.com/directoryitem/makeworks/www.makeworks.com";"306204";"+84369";"201147";"United States";"329791"
"http://mamabake.com/";"1770825";"+287476";"743713";"United States";"2147278"
"http://www.mamanlou.com/";"3851406";"-4637854";"N/A";"N/A";"3928895"
"http://www.maneo.jp/";"376851";"-27660";"21005";"Japan";"344531"
"http://www.manlyemporium.com";"10952766";"+8325556";"N/A";"N/A";"12196769"
"http://manodrabuziai.lt/";"6878220";"-480385";"N/A";"N/A";"7878304"
"https://www.manyship.com/";"2810873";"+1074720";"N/A";"N/A";"2905310"
"http://www.marktplaats.nl/";"1702";"+239";"11";"Netherlands";"1168"
"https://massmosaic.com";"4070848";"+1011714";"N/A";"N/A";"3586240"
"http://massmosaic.com";"4070848";"+1011714";"N/A";"N/A";"3586240"
"http://www.massivemov.com/";"2653064";"+86481";"N/A";"N/A";"2090869"
"http://www.maternityexchange.sg/";"1847828";"+133426";"N/A";"N/A";"1461892"
"http://matrixcbsolutions.com";"18746249";"+10059914";"N/A";"N/A";"17986837"
"http://mattern16.amarantus.de/";"16314410";"+4568227";"N/A";"N/A";"17163990"
"http://www.max30-1.de/";"N/A";"N/A";"N/A";"N/A";"N/A"
"http://www.mealsharing.org/";"N/A";"N/A";"N/A";"N/A";"N/A"
"http://www.medstartr.com/";"1519047";"+586253";"656667";"United States";"1695231"
"http://meedley.com/";"11196896";"+6079035";"N/A";"N/A";"12428290"
"https://www.meemeep.com/";"985281";"+846780";"N/A";"N/A";"1030776"
"http://www.meerijden.nu/";"16281162";"+15500949";"N/A";"N/A";"17113927"
"https://www.meetingrooms.com/";"830794";"+213155";"N/A";"N/A";"794197"
"https://meetmeals.com/";"9355872";"-4247389";"N/A";"N/A";"10561635"
"http://www.megafounder.com/en/";"271030";"-16432";"31270";"Spain";"204682"
"http://www.meinbuero-hamburg.de/";"17323189";"N/A";"N/A";"N/A";"13938198"
"http://www.meine-ernte.de";"2149042";"+917884";"112037";"Germany";"2193013"
"https://www.meinespielzeugkiste.de/";"377504";"-377439";"27491";"Germany";"373394"
"http://www.mejorenbici.org/";"N/A";"N/A";"N/A";"N/A";"N/A"
"http://www.melbournebikeshare.com.au/";"2397028";"+182140";"N/A";"N/A";"2650436"
"http://www.meloprestas.es/";"13889328";"N/A";"N/A";"N/A";"14890101"
"https://www.microryza.com/";"N/A";"N/A";"N/A";"N/A";"N/A"
"http://www.microtask.com/";"813082";"+115348";"N/A";"N/A";"910043"
"http://www.microventures.com/";"223772";"-73902";"69692";"India";"217744"
"https://www.midpoint.com/";"959771";"-42035";"N/A";"N/A";"983816"
"http://www.miet24.de/";"157599";"+8728";"7762";"Germany";"156720"
"https://www.mila.com/";"1201277";"+190885";"N/A";"N/A";"1255174"
"http://madeinles.org";"3544112";"-1030139";"804141";"United States";"3329641"
"http://www.minbildinbil.dk/";"2049048";"+1119136";"N/A";"N/A";"2364086"
"http://www.collaborativeconsumption.com/directoryitem/minbildinbil-2/www.minbildinbil.dk";"306204";"+84369";"201147";"United States";"329791"
"http://www.minivacationers.com/";"9323917";"N/A";"N/A";"N/A";"10527901"
"http://www.misterbnb.com/en/index.html";"148498";"-29782";"83260";"United States";"127330"
"http://www.mmmule.com/";"7140399";"-10326702";"N/A";"N/A";"7359336"
"http://www2.mobilesuite.de/en/coworking";"523200";"-244074";"31463";"Germany";"525616"
"http://www.mobilicidade.com.br/";"269385";"-13799";"12376";"Brazil";"243383"
"http://www.mobility.ch/";"231012";"-35272";"1367";"Switzerland";"208093"
"http://www.modo.coop/";"315588";"-73878";"8405";"Canada";"281498"
"http://www.monjoujou.com/";"12548652";"N/A";"N/A";"N/A";"13598751"
"https://www.money360.com/";"3808516";"+1961086";"N/A";"N/A";"4227851"
"http://www.moneyauction.co.kr";"2625102";"+1559413";"N/A";"N/A";"3069094"
"http://www.monsieurparking.com";"242077";"-181533";"6021";"France";"192494"
"http://www.moveabout.net";"10733553";"+1422254";"N/A";"N/A";"11969356"
"http://www.moving2you.com/en";"4404656";"+1038363";"N/A";"N/A";"5269708"
"http://movingworlds.org/";"925277";"+1246";"N/A";"N/A";"768045"
"http://movomovo.com/";"N/A";"N/A";"N/A";"N/A";"N/A"
"https://muber.com/";"N/A";"N/A";"N/A";"N/A";"N/A"
"https://www.murfie.com/";"467040";"-31192";"61655";"United States";"389225"
"http://www.mutantspace.ie/";"N/A";